name,avg_Hs,StdDev_Hs,N_Hs
Hs_CEU,0.0837679842602038,0.062218745844022,5870
Hs_NE,0.0513125169517415,0.0556196117865138,12006
Hs_NEU,0.100700486953678,0.064277841875118,4948
Hs_PNW,0.0676908286491958,0.0595162087750681,7680
Hs_SEU,0.122544056013407,0.0590445347115753,2903
Hs_WEU,0.0971952495079954,0.0616807494989916,5311
